[
  {
    "id": "ba5f13c2-0130-4e2c-bd20-8ea421225fa4",
    "data": [
      {
        "text": "Can u send me at this ",
        "userDefined": false
      },
      {
        "text": "date",
        "meta": "@sys.date-time",
        "alias": "date-time",
        "userDefined": true
      },
      {
        "text": " ?",
        "userDefined": false
      }
    ],
    "isTemplate": false,
    "count": 0,
    "lang": "en",
    "updated": 0
  },
  {
    "id": "46f532eb-f305-4420-a1f8-8e9eae2a2c85",
    "data": [
      {
        "text": "can u send me this drawing on ",
        "userDefined": false
      },
      {
        "text": "address",
        "meta": "@sys.address",
        "alias": "address",
        "userDefined": true
      },
      {
        "text": " ?",
        "userDefined": false
      }
    ],
    "isTemplate": false,
    "count": 0,
    "lang": "en",
    "updated": 0
  },
  {
    "id": "00c3c1ab-a341-440e-b675-adf2db936967",
    "data": [
      {
        "text": "which ",
        "userDefined": false
      },
      {
        "text": "artPattern",
        "meta": "@artPatterns",
        "alias": "artPatterns",
        "userDefined": true
      },
      {
        "text": " do you like the most?",
        "userDefined": false
      }
    ],
    "isTemplate": false,
    "count": 0,
    "lang": "en",
    "updated": 0
  },
  {
    "id": "9cb9bd4b-635b-42f8-9e72-16c231e5ec6b",
    "data": [
      {
        "text": "could u send info on ",
        "userDefined": false
      },
      {
        "text": "1111111111",
        "meta": "@sys.phone-number",
        "alias": "phone-number",
        "userDefined": true
      },
      {
        "text": " ?",
        "userDefined": false
      }
    ],
    "isTemplate": false,
    "count": 0,
    "lang": "en",
    "updated": 0
  },
  {
    "id": "23cd17c1-28e7-4914-9c24-b33446ca6a1e",
    "data": [
      {
        "text": "Can you send me info on ",
        "userDefined": false
      },
      {
        "text": "nakshimshah@abc.com",
        "meta": "@sys.email",
        "alias": "email",
        "userDefined": true
      },
      {
        "text": " ?",
        "userDefined": false
      }
    ],
    "isTemplate": false,
    "count": 0,
    "lang": "en",
    "updated": 0
  },
  {
    "id": "c119b1dc-b2d8-42cd-9211-cabf9bae794a",
    "data": [
      {
        "text": "Art Categories Glimpse",
        "userDefined": false
      }
    ],
    "isTemplate": false,
    "count": 0,
    "lang": "en",
    "updated": 0
  },
  {
    "id": "32cd1177-144a-4cb0-9e1a-3295e0fcb474",
    "data": [
      {
        "text": "Give information about art names",
        "userDefined": false
      }
    ],
    "isTemplate": false,
    "count": 0,
    "lang": "en",
    "updated": 0
  },
  {
    "id": "7d08346e-d7b4-4f10-a088-c198413078d9",
    "data": [
      {
        "text": "please name me different form of of arts.",
        "userDefined": false
      }
    ],
    "isTemplate": false,
    "count": 0,
    "lang": "en",
    "updated": 0
  }
]